{
  "framework": "nextjs",
  "functions": {
    "app/api/send-email/route.ts": {
      "maxDuration": 30
    },
    "app/api/notifications/route.ts": {
      "maxDuration": 30
    }
  },
  "headers": [
    {
      "source": "/(.*)",
      "headers": [
        {
          "key": "X-Content-Type-Options",
          "value": "nosniff"
        },
        {
          "key": "X-Frame-Options",
          "value": "DENY"
        },
        {
          "key": "X-XSS-Protection",
          "value": "1; mode=block"
        }
      ]
    }
  ],
  "redirects": [
    {
      "source": "/track",
      "destination": "/?track=true",
      "permanent": false
    }
  ]
}
